{
  "tests": [
    {
      "name": "check cd",
      "setup": "gcc systemCaller.c -o exampleShell",
      "run": "./exampleShell",
      "input": "cd ..\r\nexit",
      "output": "exampleShell",
      "comparison": "included",
      "timeout": 2,
      "points": null
    },
    {
      "name": "check execvp1",
      "setup": "gcc systemCaller.c -o check",
      "run": "./check",
      "input": "ls -la\r\nexit",
      "output": " ..",
      "comparison": "included",
      "timeout": 2,
      "points": null
    },
    {
      "name": "check exit",
      "setup": "gcc systemCaller.c -o ex",
      "run": "./ex",
      "input": "exit",
      "output": "",
      "comparison": "included",
      "timeout": 2,
      "points": null
    },
    {
      "name": "check execvp2",
      "setup": "gcc systemCaller.c -o exe",
      "run": "./exe",
      "input": "mkdir temp\r\nls\r\nexit",
      "output": "temp",
      "comparison": "included",
      "timeout": 2,
      "points": null
    }
  ]
}